,subject,sert-cre,rel_fluo
1,ZFM-04122,1,39.525446385944804
2,ZFM-03324,0,4.132963737162584
3,ZFM-03323,0,3.559870550161804
4,ZFM-03321,1,40.95810866860222
5,ZFM-03331,0,4.717217217217211
6,ZFM-03329,1,111.82175202372363
7,ZFM-03330,1,332.8586387434555
8,ZFM-03332,0,-6.920441568328897
9,ZFM-02601,1,41.581460528364545
10,ZFM-02600,1,131.58954988983317
11,ZFM-02181,0,12.220868859114915
